种类,对象类型,标识名,字段名,字段类型,数组切割,值,索引,标记
表头,Item,ID,ID,int32,,,是,
表头,Item,名称,Name,string,,,,
表头,Item,奖励ID,RewardID,int32,,,,
表头,Item,奖励数量,RewardCount,string,,,,
表头,Item,消耗,Costs,string,,,,
表头,Item,等级,Levels,int32,|,,,
表头,Item,属性,Stats,string,,,,
表头,Item,稀有度,Rarity,string,,,,
表头,Item,图标Hash,IconHash,string,,,,
表头,Item,解锁等级,UnlockLevel,string,,,,
表头,Item,文字效果,TextEffect,string,,,,
表头,Item,数值效果,PowerEffect,string,,,,
表头,Item,启用,Enabled,bool,,,,
表头,Item,有符号大整数,SignedTotal,string,,,,
表头,Item,重量,Weight,float,,,,
表头,Item,价格,Price,double,,,,
表头,Item,标签,Labels,string,|,,,
表头,Item,拥有者,OwnerID,string,,,,
表头,Item,库存,Stock,uint32,,,,
表头,Item,创建时间,CreatedAt,string,,,,
表头,Item,有效期,TTL,string,,,,
表头,Item,扩展属性,Extra,string,,,,
表头,Item,字段选择,Mask,string,,,,
表头,Item,动态消息,Metadata,string,,,,
表头,Item,优先级,Priority,string,,,,
表头,Item,开关列表,Switches,string,,,,
表头,Item,额外奖励,Bonuses,string,,,,
表头,Settings,等级上限,MaxLevel,int32,,,,
